dotCount	x	y	frequency	colour	size	pval	description	legend	members	representative	user_defined_variable
1	0.6005936750223431	-1.4823174865562523	-1.12797243032174	-202.57675412606318	1.9459101490553132	2.649999999999999e-203	cellular metabolic process	1. GO:0044237 cellular metabolic process	['GO:0044237', 'GO:0009987', 'GO:0008152', 'GO:0044238', 'GO:0071704', 'GO:0043170']	GO:0044237	0
2	-0.30490079553613053	-1.5687169730562496	-0.863122520452671	-131.2660007134616	1.3862943611198906	5.419999999999998e-132	nitrogen compound metabolic process	2. GO:0006807 nitrogen compound metabolic process	['GO:0034641', 'GO:0006807', 'GO:1901564']	GO:0006807	0
3	0.6626975917758132	-0.4595806440569194	0.43313532627335827	-70.36251027048749	3.7376696182833684	4.339999999999999e-71	catabolic process	3. GO:0009056 catabolic process	['GO:1901575', 'GO:0009056', 'GO:0016052', 'GO:0044248', 'GO:1901565', 'GO:0016042', 'GO:0044242', 'GO:0008300', 'GO:0044282', 'GO:0046395', 'GO:0009063', 'GO:0016054', 'GO:1901606', 'GO:0009068', 'GO:0006554', 'GO:0009111', 'GO:0042363', 'GO:0009083', 'GO:0009081', 'GO:0072329', 'GO:0009062', 'GO:0009057', 'GO:0044265', 'GO:0006401', 'GO:0034655', 'GO:0044270', 'GO:0046700', 'GO:1901361', 'GO:0019439', 'GO:0030163', 'GO:0010498', 'GO:0010499', 'GO:0043161', 'GO:0031145', 'GO:0031146', 'GO:0044257', 'GO:0043632', 'GO:0019941', 'GO:0016236', 'GO:0006914', 'GO:0061919']	GO:0009056	0
4	0.4476676113316343	-0.7030577613538568	1.424932664497392	-60.02548830726267	0.6931471805599453	9.429999999999998e-61	gene expression	4. GO:0010467 gene expression	['GO:0010467']	GO:0010467	0
5	1.1683580277867676	1.1769715079638339	0.38793689832103323	-59.368556230986826	4.804021044733257	4.28e-60	organic substance transport	5. GO:0071702 organic substance transport	['GO:0071702', 'GO:0006820', 'GO:0015695', 'GO:0015871', 'GO:0015697', 'GO:0006812', 'GO:1901264', 'GO:0090481', 'GO:0015780', 'GO:0008643', 'GO:0034219', 'GO:0015749', 'GO:0015711', 'GO:0046942', 'GO:0015822', 'GO:0015807', 'GO:0006835', 'GO:0070837', 'GO:0051180', 'GO:0098656', 'GO:0072530', 'GO:0072531', 'GO:0045117', 'GO:0034220', 'GO:0035435', 'GO:0006817', 'GO:1905039', 'GO:1902001', 'GO:1903825', 'GO:0003333', 'GO:1902475', 'GO:0015849', 'GO:0071422', 'GO:0015744', 'GO:0015802', 'GO:1990822', 'GO:0006865', 'GO:1902600', 'GO:0098655', 'GO:0015672', 'GO:0015931', 'GO:0050657', 'GO:0015865', 'GO:0051503', 'GO:0015868', 'GO:0015866', 'GO:0015867', 'GO:0006862', 'GO:1901679', 'GO:0015748', 'GO:0015917', 'GO:0051028', 'GO:0050658', 'GO:0051236', 'GO:0071705', 'GO:0042886', 'GO:0015031', 'GO:0017038', 'GO:0044743', 'GO:0045184', 'GO:0015833', 'GO:0033036', 'GO:0006403', 'GO:0008104', 'GO:0031503', 'GO:0033572', 'GO:0000041', 'GO:0046907', 'GO:0032365', 'GO:0006886', 'GO:0032527', 'GO:0016482', 'GO:0042147', 'GO:0051649', 'GO:0051641', 'GO:0045324', 'GO:0032511', 'GO:0007034', 'GO:0090110', 'GO:0035459', 'GO:0006605', 'GO:0006612', 'GO:0006614', 'GO:0006613', 'GO:0065002', 'GO:0071806', 'GO:0034613', 'GO:0070727', 'GO:0090150', 'GO:0072657', 'GO:0072594', 'GO:0033365', 'GO:0070585', 'GO:0045047', 'GO:0072599', 'GO:0070972', 'GO:0006625', 'GO:0043574', 'GO:0015919', 'GO:0045046', 'GO:0072663', 'GO:0072662', 'GO:0007031', 'GO:0006913', 'GO:0006405', 'GO:0006406', 'GO:0051169', 'GO:0006611', 'GO:0071426', 'GO:0071427', 'GO:0051168', 'GO:0016197', 'GO:0032509', 'GO:0071985', 'GO:0051640', 'GO:0051656', 'GO:0048278', 'GO:0140056', 'GO:0022406', 'GO:0051650', 'GO:0051648']	GO:0071702	0
6	-0.016587939106796474	-1.8163249126659609	0.44279600683971354	-54.27572413039921	4.1588830833596715	5.3e-55	RNA processing	6. GO:0006396 RNA processing	['GO:0034470', 'GO:0006396', 'GO:0008033', 'GO:0006364', 'GO:0030490', 'GO:0000462', 'GO:0016072', 'GO:0000470', 'GO:0000463', 'GO:0000460', 'GO:0000466', 'GO:0000375', 'GO:0000377', 'GO:0000398', 'GO:0045292', 'GO:0008380', 'GO:0006400', 'GO:0002098', 'GO:0009451', 'GO:0030488', 'GO:0001510', 'GO:0034660', 'GO:0006399', 'GO:0016070', 'GO:0006418', 'GO:0043039', 'GO:0043038', 'GO:0016071', 'GO:0008334', 'GO:0006397', 'GO:0006370', 'GO:0009452', 'GO:0036260', 'GO:0000956', 'GO:0000184', 'GO:0006402', 'GO:0000288', 'GO:0000291', 'GO:0043928', 'GO:0031123', 'GO:0031124', 'GO:0006378', 'GO:0006259', 'GO:0006270', 'GO:0090305', 'GO:0090501', 'GO:0090503', 'GO:0006310', 'GO:0006281', 'GO:0006289', 'GO:0070911', 'GO:0006283', 'GO:0006301', 'GO:0070987', 'GO:0042276', 'GO:0006974', 'GO:0071897', 'GO:0044260', 'GO:1901360', 'GO:0090304', 'GO:1901362', 'GO:0006725', 'GO:0019438']	GO:0006396	0
7	-0.6260538016758607	-1.4451791538208207	0.3082207650552361	-46.31785492362617	2.0794415416798357	4.81e-47	cellular amide metabolic process	7. GO:0043603 cellular amide metabolic process	['GO:0043604', 'GO:0043603', 'GO:0006412', 'GO:0043043', 'GO:0006518', 'GO:0044271', 'GO:0034654']	GO:0043603	0
8	1.6153868167176575	-0.24309997463419727	0.9331538130852763	-42.94692155651658	4.0943445622221	1.13e-43	ribonucleoprotein complex biogenesi...	8. GO:0022613 ribonucleoprotein complex biogenesi...	['GO:0042273', 'GO:0022613', 'GO:0042274', 'GO:0044085', 'GO:0042254', 'GO:0006996', 'GO:0090382', 'GO:0006997', 'GO:0051276', 'GO:0000715', 'GO:0071103', 'GO:0006265', 'GO:0006323', 'GO:0030261', 'GO:0007030', 'GO:0007005', 'GO:0032508', 'GO:0000717', 'GO:0032392', 'GO:0071840', 'GO:0061024', 'GO:0061025', 'GO:0043933', 'GO:0071826', 'GO:0022618', 'GO:0001732', 'GO:0000027', 'GO:0000387', 'GO:0000244', 'GO:0065003', 'GO:0034622', 'GO:0000245', 'GO:0032984', 'GO:0051289', 'GO:0051262', 'GO:0051290', 'GO:0051291', 'GO:0071824', 'GO:0065004', 'GO:0006294', 'GO:0034728', 'GO:0006334', 'GO:0006267', 'GO:1902299', 'GO:0036388', 'GO:0022607', 'GO:0016226', 'GO:0031163', 'GO:0016043', 'GO:0032200', 'GO:0000723', 'GO:0032201', 'GO:0006325', 'GO:0097549', 'GO:0034401', 'GO:0031497', 'GO:0006333', 'GO:0006335', 'GO:0034723']	GO:0022613	0
9	-1.59558687054217	0.7097376397366839	0.9367971540413824	-41.093126465277926	3.258096538021482	8.069999999999998e-42	G protein-coupled receptor signalin...	9. GO:0007186 G protein-coupled receptor signalin...	['GO:0007165', 'GO:0007186', 'GO:0007218', 'GO:0007200', 'GO:0007189', 'GO:0007187', 'GO:0007188', 'GO:0019933', 'GO:0019935', 'GO:0019932', 'GO:0007166', 'GO:0016055', 'GO:0007224', 'GO:0070498', 'GO:0070098', 'GO:0035722', 'GO:0033209', 'GO:0060071', 'GO:0090175', 'GO:0035567', 'GO:0002223', 'GO:0002220', 'GO:0002758', 'GO:0038093', 'GO:0038095']	GO:0007186	0
10	0.564915159446535	-1.1400792147022907	0.41080157254836414	-32.4672456210075	3.58351893845611	3.41e-33	lipid metabolic process	10. GO:0006629 lipid metabolic process	['GO:0008610', 'GO:0006629', 'GO:0044255', 'GO:0008654', 'GO:0006644', 'GO:0006490', 'GO:0006488', 'GO:0006720', 'GO:0008299', 'GO:0006721', 'GO:0016098', 'GO:0008202', 'GO:0006694', 'GO:0016125', 'GO:0016126', 'GO:0006695', 'GO:1902653', 'GO:0008203', 'GO:0006643', 'GO:0046467', 'GO:0006665', 'GO:0045017', 'GO:0046474', 'GO:0006661', 'GO:0006646', 'GO:0046337', 'GO:0006656', 'GO:0046470', 'GO:0019432', 'GO:0046463', 'GO:0046460', 'GO:0006650', 'GO:0046486', 'GO:0046341', 'GO:0016024']	GO:0006629	0
11	-0.8909076689151293	-1.0598983916290017	0.5082929031547805	-28.1944991418416	3.5263605246161616	6.389999999999999e-29	monocarboxylic acid metabolic proce...	11. GO:0032787 monocarboxylic acid metabolic proce...	['GO:0006090', 'GO:0032787', 'GO:0006631', 'GO:0033559', 'GO:0000038', 'GO:0001676', 'GO:0072330', 'GO:0006633', 'GO:0019395', 'GO:0006635', 'GO:0034440', 'GO:0030258', 'GO:0002933', 'GO:1901605', 'GO:1901607', 'GO:0009066', 'GO:0006553', 'GO:0009064', 'GO:0006541', 'GO:0009084', 'GO:0019752', 'GO:0006520', 'GO:0009070', 'GO:0009069', 'GO:0006544', 'GO:0046394', 'GO:0008652', 'GO:0044283', 'GO:0016053', 'GO:0043648', 'GO:0006108', 'GO:0006103', 'GO:0006536']	GO:0032787	0
12	0.05716321382980522	-0.48832534912579517	0.9432811423268322	-27.869666231504993	1.0986122886681098	1.3500000000000002e-28	translational initiation	12. GO:0006413 translational initiation	['GO:0002183', 'GO:0006413']	GO:0006413	0
13	0.6471497940647977	-1.3180620402536312	0.3157867574681939	-26.610833915635467	4.07753744390572	2.45e-27	organophosphate biosynthetic proces...	13. GO:0090407 organophosphate biosynthetic proces...	['GO:0090407', 'GO:0009165', 'GO:1901293', 'GO:0019637', 'GO:0006753', 'GO:0009117', 'GO:0055086', 'GO:0034404', 'GO:0046112', 'GO:0009112', 'GO:0009156', 'GO:0009161', 'GO:0009124', 'GO:0009123', 'GO:0009168', 'GO:0009127', 'GO:0046040', 'GO:0009167', 'GO:0046033', 'GO:0009126', 'GO:0009132', 'GO:0009185', 'GO:0009135', 'GO:0046031', 'GO:0006757', 'GO:0009179', 'GO:0006165', 'GO:0046939', 'GO:0009058', 'GO:1901576', 'GO:1901566', 'GO:0044249', 'GO:0009059', 'GO:0006793', 'GO:0006796', 'GO:0016310', 'GO:0019693', 'GO:0009259', 'GO:0009150', 'GO:0046390', 'GO:0009260', 'GO:0009152', 'GO:1901137', 'GO:1901135', 'GO:1901657', 'GO:0009116', 'GO:0009226', 'GO:0009225', 'GO:0006047', 'GO:0006040', 'GO:0009142', 'GO:0009201', 'GO:0009199', 'GO:0009141', 'GO:0009205', 'GO:0009206', 'GO:0009145', 'GO:0009144']	GO:0090407	0
14	-1.297975117020322	-0.2719357465698774	1.2234429682470662	-24.576754126063193	2.302585092994046	2.6500000000000003e-25	detection of chemical stimulus invo...	14. GO:0050911 detection of chemical stimulus invo...	['GO:0050907', 'GO:0050911', 'GO:0050906', 'GO:0051606', 'GO:0042769', 'GO:0009593', 'GO:0033554', 'GO:0006950', 'GO:0006979']	GO:0050911	0
15	0.22242325852565703	0.8494108408095735	1.2433159965526168	-23.008773924307505	3.4657359027997265	9.8e-24	sensory perception of smell	15. GO:0007608 sensory perception of smell	['GO:0007606', 'GO:0007608', 'GO:0050877', 'GO:0003008', 'GO:0032501', 'GO:0007275', 'GO:0048856', 'GO:0021762', 'GO:0032502', 'GO:0001832', 'GO:0009790', 'GO:0031424', 'GO:0007600', 'GO:0090132', 'GO:0007389', 'GO:0003002', 'GO:0009952', 'GO:0009798', 'GO:0009953', 'GO:0007368', 'GO:0009855', 'GO:0009799', 'GO:0019229', 'GO:1903522', 'GO:0044057', 'GO:0035296', 'GO:0035150', 'GO:0150104', 'GO:0010232', 'GO:0008015', 'GO:0097746']	GO:0007608	0
16	0.3057745185402998	0.0919808141980105	0.9890315223561296	-22.46344155742847	2.0794415416798357	3.44e-23	cell adhesion	16. GO:0007155 cell adhesion	['GO:0022610', 'GO:0007155', 'GO:0098742', 'GO:0098609', 'GO:0007156', 'GO:0031589', 'GO:0007160']	GO:0007155	0
17	1.2080409378402523	0.7812661032404367	0.4462468586116873	-21.889410289700752	2.302585092994046	1.2899999999999998e-22	viral process	17. GO:0016032 viral process	['GO:0019083', 'GO:0016032', 'GO:0019068', 'GO:0019082', 'GO:0044403', 'GO:0019058', 'GO:0044419', 'GO:0039702', 'GO:0046755']	GO:0016032	0
18	0.1469501246331348	0.7459093803091281	1.2154532421690607	-20.336299074610352	1.6094379124341003	4.6100000000000006e-21	signaling	18. GO:0023052 signaling	['GO:0023052', 'GO:0035637', 'GO:0198738', 'GO:0007267']	GO:0023052	0
19	-0.3681660844081816	-0.6386293980416442	0.8501133135579921	-18.43651891460559	2.9444389791664403	3.66e-19	organic hydroxy compound metabolic ...	19. GO:1901615 organic hydroxy compound metabolic ...	['GO:1901616', 'GO:1901615', 'GO:0046164', 'GO:1901617', 'GO:0006066', 'GO:0019751', 'GO:0046165', 'GO:1902652', 'GO:0019400', 'GO:0006071', 'GO:0034308', 'GO:0034310', 'GO:0006068', 'GO:0044598', 'GO:0006067', 'GO:0006069', 'GO:0042572', 'GO:0016101']	GO:1901615	0
20	-1.2141666154101753	-0.20403458569173966	1.394972934788307	-18.271646217978773	3.367295829986474	5.349999999999999e-19	adaptive immune response	20. GO:0002250 adaptive immune response	['GO:0002250', 'GO:0002460', 'GO:0019724', 'GO:0002449', 'GO:0002443', 'GO:0002478', 'GO:0019884', 'GO:0048002', 'GO:0002474', 'GO:0002479', 'GO:0042590', 'GO:0019886', 'GO:0002495', 'GO:0019882', 'GO:0002504', 'GO:0002446', 'GO:0002444', 'GO:0002455', 'GO:0016064', 'GO:0006956', 'GO:0002252', 'GO:0006959', 'GO:0008228', 'GO:0050853', 'GO:0050852', 'GO:0006958', 'GO:0002218', 'GO:0045089']	GO:0002250	0
21	0.813747432004111	-0.07869411620117484	0.908870833233501	-17.829738284605043	1.9459101490553132	1.48e-18	cell communication	21. GO:0007154 cell communication	['GO:0007154', 'GO:0009267', 'GO:0042594', 'GO:1990928', 'GO:0031669', 'GO:0031667']	GO:0007154	0
22	0.7797527669452032	0.8037587770991979	2.1304382092656735	-16.98296666070122	0.6931471805599453	1.0400000000000002e-17	viral gene expression	22. GO:0019080 viral gene expression	['GO:0019080']	GO:0019080	0
23	0.045842454160521746	-1.6147444872727836	0.4558469427972598	-16.906578314837766	2.995732273553991	1.24e-17	purine-containing compound metaboli...	23. GO:0072521 purine-containing compound metaboli...	['GO:0006163', 'GO:0072521', 'GO:0006164', 'GO:0072522', 'GO:0034032', 'GO:0034035', 'GO:0050427', 'GO:0033875', 'GO:0033865', 'GO:0034033', 'GO:0034030', 'GO:0033866', 'GO:0006637', 'GO:0006084', 'GO:0035383', 'GO:0071616', 'GO:0035384', 'GO:0006086', 'GO:0006085']	GO:0072521	0
24	0.6977532644473817	-0.02988115372022551	0.8873612980828752	-15.297569463554474	2.0794415416798357	5.04e-16	protein folding	24. GO:0006457 protein folding	['GO:0034975', 'GO:0006457', 'GO:0042026', 'GO:0061077', 'GO:0006458', 'GO:0051084', 'GO:0051085']	GO:0006457	0
25	0.7071205829730189	-0.8613075533658697	0.340875055053621	-14.339134521996131	2.0794415416798357	4.5799999999999995e-15	generation of precursor metabolites...	25. GO:0006091 generation of precursor metabolites...	['GO:0006091', 'GO:0022900', 'GO:0055114', 'GO:0022904', 'GO:0045333', 'GO:0009060', 'GO:0015980']	GO:0006091	0
26	0.2685899746777028	-0.7082501800158109	0.62982562942093	-14.287350298372788	1.3862943611198906	5.16e-15	sulfur compound metabolic process	26. GO:0006790 sulfur compound metabolic process	['GO:0000096', 'GO:0006790', 'GO:0044272']	GO:0006790	0
27	-0.5953120110015643	-1.2126374500593806	1.494155112833692	-14.285670240254767	0.6931471805599453	5.18e-15	cytoplasmic translation	27. GO:0002181 cytoplasmic translation	['GO:0002181']	GO:0002181	0
28	-1.2493049881869716	1.516607973656436	0.947682271207648	-13.94692155651658	3.2188758248682006	1.13e-14	posttranscriptional regulation of g...	28. GO:0010608 posttranscriptional regulation of g...	['GO:0010608', 'GO:0006417', 'GO:0006448', 'GO:0045727', 'GO:0034250', 'GO:0006357', 'GO:0070816', 'GO:0006355', 'GO:1903506', 'GO:2001141', 'GO:0051252', 'GO:0050794', 'GO:0050789', 'GO:0045944', 'GO:0061418', 'GO:0043618', 'GO:0043620', 'GO:0034248', 'GO:0034249', 'GO:0000122', 'GO:0045892', 'GO:0016458', 'GO:1903507', 'GO:1902679']	GO:0010608	0
29	-0.2363134703182418	-1.3730327355760972	1.0063432016575016	-13.782516055786093	1.791759469228055	1.65e-14	proteolysis involved in cellular pr...	29. GO:0051603 proteolysis involved in cellular pr...	['GO:0051603', 'GO:0006511', 'GO:0006508', 'GO:0033619', 'GO:0044267']	GO:0051603	0
30	-1.464174208452339	1.1301097563934093	1.1696590153855264	-13.481486060122112	2.5649493574615367	3.3e-14	regulation of mRNA metabolic proces...	30. GO:1903311 regulation of mRNA metabolic proces...	['GO:0050684', 'GO:1903311', 'GO:0050686', 'GO:0031440', 'GO:0050685', 'GO:0061013', 'GO:0048024', 'GO:0000381', 'GO:0043484', 'GO:0033120', 'GO:0033119', 'GO:0048025']	GO:1903311	0
31	0.32297692017667035	0.9388792990811372	0.8290921675904163	-12.97469413473523	2.6390573296152584	1.06e-13	locomotion	31. GO:0040011 locomotion	['GO:0048870', 'GO:0040011', 'GO:0006928', 'GO:0042330', 'GO:0006935', 'GO:0050919', 'GO:0016477', 'GO:0001667', 'GO:0050900', 'GO:0007411', 'GO:0097485', 'GO:0010631', 'GO:0001755']	GO:0040011	0
32	0.44411361011058614	0.8485949370675322	1.054244809309024	-12.818156412055227	4.7535901911063645	1.52e-13	anatomical structure morphogenesis	32. GO:0009653 anatomical structure morphogenesis	['GO:0009653', 'GO:0000902', 'GO:0000904', 'GO:0048667', 'GO:0048598', 'GO:0001763', 'GO:0061138', 'GO:0048754', 'GO:0003206', 'GO:0003151', 'GO:0060411', 'GO:0072028', 'GO:0009887', 'GO:0048562', 'GO:0090596', 'GO:0003007', 'GO:0048704', 'GO:0048705', 'GO:0022612', 'GO:0060993', 'GO:0035239', 'GO:0060562', 'GO:0048546', 'GO:0048514', 'GO:0048844', 'GO:0048729', 'GO:0002009', 'GO:0016331', 'GO:0002011', 'GO:0048332', 'GO:0035108', 'GO:0035107', 'GO:0072078', 'GO:0072088', 'GO:0072171', 'GO:0061333', 'GO:0060675', 'GO:0030154', 'GO:0048869', 'GO:0002521', 'GO:0002062', 'GO:0001708', 'GO:0021515', 'GO:0030098', 'GO:0045321', 'GO:0001775', 'GO:0030183', 'GO:0048468', 'GO:0048666', 'GO:0002064', 'GO:0048699', 'GO:0022008', 'GO:0021872', 'GO:0030855', 'GO:0030216', 'GO:0030182', 'GO:0021953', 'GO:0048646', 'GO:0001525', 'GO:0072175', 'GO:0035148', 'GO:0001838', 'GO:0014020', 'GO:0001841', 'GO:0002040', 'GO:0001707', 'GO:0001704', 'GO:0045165', 'GO:0048663', 'GO:0009888', 'GO:0060429', 'GO:0008544', 'GO:0060485', 'GO:0061448', 'GO:0007498', 'GO:0001657', 'GO:0072163', 'GO:0072073', 'GO:0003158', 'GO:0061180', 'GO:0048731', 'GO:0007399', 'GO:0072359', 'GO:0001944', 'GO:0035270', 'GO:0048706', 'GO:0001501', 'GO:0048483', 'GO:0048513', 'GO:0007507', 'GO:0030097', 'GO:0007423', 'GO:0030900', 'GO:0043588', 'GO:0007517', 'GO:0043583', 'GO:0048568', 'GO:0072006', 'GO:0051216', 'GO:0003205', 'GO:0003231', 'GO:0001823', 'GO:0003279', 'GO:0003281', 'GO:0021517', 'GO:0001568', 'GO:0060840', 'GO:0060173', 'GO:0048736', 'GO:0035295', 'GO:0072164', 'GO:0021915', 'GO:0072080', 'GO:0072009', 'GO:0061326']	GO:0009653	0
33	-0.11708202921341372	-1.07543671400857	0.3346197908049446	-12.69680394257951	2.995732273553991	2.01e-13	carbohydrate metabolic process	33. GO:0005975 carbohydrate metabolic process	['GO:0005975', 'GO:0016051', 'GO:0005996', 'GO:0019321', 'GO:0019852', 'GO:0019318', 'GO:0006000', 'GO:0006006', 'GO:0046364', 'GO:0019319', 'GO:0006094', 'GO:0046365', 'GO:0019320', 'GO:0006007', 'GO:0044262', 'GO:0046835', 'GO:0044275', 'GO:0019405', 'GO:0019563']	GO:0005975	0
34	-0.48713259307557993	-1.5283672758929654	0.2855533607957091	-12.610833915635467	3.2188758248682006	2.45e-13	macromolecule modification	34. GO:0043412 macromolecule modification	['GO:0043412', 'GO:0036211', 'GO:0006464', 'GO:0031365', 'GO:0006497', 'GO:0043687', 'GO:0000413', 'GO:0018208', 'GO:0018193', 'GO:0070646', 'GO:0000338', 'GO:0016579', 'GO:0070647', 'GO:0032446', 'GO:0045116', 'GO:0000209', 'GO:0070979', 'GO:0070936', 'GO:0016567', 'GO:0006487', 'GO:0006486', 'GO:0043413', 'GO:0070085', 'GO:0016266']	GO:0043412	0
35	0.3354783346640598	0.7654261719100651	2.1304382092656735	-11.847711655616944	2.5649493574615367	1.4199999999999998e-12	mitotic cell cycle phase	35. GO:0098763 mitotic cell cycle phase	['GO:0098763', 'GO:0044848', 'GO:0000087', 'GO:0000279', 'GO:0000084', 'GO:0051320', 'GO:0051329', 'GO:0051325', 'GO:0051322', 'GO:0000090', 'GO:0022403', 'GO:0000236']	GO:0098763	0
36	0.32926134321469885	0.313462093234152	1.3964050984301148	-11.575118363368933	1.3862943611198906	2.66e-12	mitotic cell cycle	36. GO:0000278 mitotic cell cycle	['GO:0000278', 'GO:0007049', 'GO:0051321']	GO:0000278	0
37	1.192092250930766	0.5209100034782942	1.1768155235296358	-11.329754146925875	3.091042453358316	4.68e-12	Golgi vesicle transport	37. GO:0048193 Golgi vesicle transport	['GO:0006891', 'GO:0048193', 'GO:0006890', 'GO:0006888', 'GO:0006892', 'GO:0016192', 'GO:0098927', 'GO:0006887', 'GO:0045055', 'GO:0046903', 'GO:0032940', 'GO:0140352', 'GO:0043312', 'GO:0002283', 'GO:0043299', 'GO:0042119', 'GO:0036230', 'GO:0002275', 'GO:0002366', 'GO:0002274', 'GO:0002263']	GO:0048193	0
38	-1.3387757465653864	0.8180959522494449	1.301418363218172	-11.033389013318066	3.1780538303479458	9.259999999999999e-12	regulation of mitotic cell cycle ph...	38. GO:1901990 regulation of mitotic cell cycle ph...	['GO:1901990', 'GO:1901987', 'GO:0007346', 'GO:0051726', 'GO:0010564', 'GO:0010389', 'GO:1902749', 'GO:0010972', 'GO:1902750', 'GO:1901991', 'GO:1901988', 'GO:0010948', 'GO:0045930', 'GO:0045786', 'GO:0000075', 'GO:0031570', 'GO:1901992', 'GO:0045931', 'GO:1901989', 'GO:1901673', 'GO:0090169', 'GO:0046605', 'GO:0031113']	GO:1901990	0
39	0.7541916683310967	0.09545663753156788	1.1763924277935571	-10.11069829749369	3.295836866004329	7.75e-11	mitotic cell cycle process	39. GO:1903047 mitotic cell cycle process	['GO:1903047', 'GO:0022402', 'GO:0032506', 'GO:0061952', 'GO:1902410', 'GO:0033260', 'GO:1902969', 'GO:0044786', 'GO:0006261', 'GO:0000819', 'GO:0000070', 'GO:0098813', 'GO:0007059', 'GO:0140014', 'GO:0000280', 'GO:0048285', 'GO:0090307', 'GO:0007052', 'GO:0044772', 'GO:0044770', 'GO:0000082', 'GO:0044843', 'GO:0007080', 'GO:0051310', 'GO:0051303', 'GO:0050000']	GO:1903047	0
40	0.9787930625380175	0.4672097443336628	1.8209955404046623	-9.425968732272281	0.6931471805599453	3.75e-10	localization of cell	40. GO:0051674 localization of cell	['GO:0051674']	GO:0051674	0
41	0.5742920729344702	-0.337578554472342	1.4489821283214583	-9.296708621881338	1.9459101490553132	5.05e-10	fatty acid derivative metabolic pro...	41. GO:1901568 fatty acid derivative metabolic pro...	['GO:1901568', 'GO:1901570', 'GO:0035337', 'GO:0035336', 'GO:0046949', 'GO:0035338']	GO:1901568	0
42	1.0656723233935486	1.0012069727037591	1.2650364138428638	-8.987162775294827	1.6094379124341003	1.0300000000000002e-09	mitochondrial transport	42. GO:0006839 mitochondrial transport	['GO:1990542', 'GO:0006839', 'GO:0006626', 'GO:0072655']	GO:0006839	0
43	-0.9364150332564907	1.2971078119967758	1.451162898851386	-8.367542707815275	2.0794415416798357	4.29e-09	regulation of cellular amino acid m...	43. GO:0006521 regulation of cellular amino acid m...	['GO:0006521', 'GO:0033238', 'GO:0062012', 'GO:0010565', 'GO:0045540', 'GO:0106118', 'GO:0090181']	GO:0006521	0
44	1.4919308185012683	0.03157605698830895	1.3411316090431697	-8.072629636960977	1.9459101490553132	8.46e-09	cell junction organization	44. GO:0034330 cell junction organization	['GO:0050808', 'GO:0034330', 'GO:0034329', 'GO:0007416', 'GO:0045216', 'GO:0007043']	GO:0034330	0
45	-0.8022988618703747	1.574611401636717	1.0899203577844723	-7.679853713888946	4.1588830833596715	2.09e-08	negative regulation of immune syste...	45. GO:0002683 negative regulation of immune syste...	['GO:0002682', 'GO:0002683', 'GO:0050776', 'GO:0050777', 'GO:0050670', 'GO:0042129', 'GO:0032944', 'GO:0070663', 'GO:0051093', 'GO:0045596', 'GO:0051094', 'GO:0045597', 'GO:0045595', 'GO:0045666', 'GO:0045664', 'GO:1902107', 'GO:1902105', 'GO:0002761', 'GO:1903708', 'GO:0045582', 'GO:0045580', 'GO:1902036', 'GO:1901532', 'GO:2000736', 'GO:0060284', 'GO:0050767', 'GO:0045667', 'GO:0045669', 'GO:0045668', 'GO:0002861', 'GO:0002862', 'GO:0050728', 'GO:0050727', 'GO:0002673', 'GO:0032102', 'GO:0032101', 'GO:0031348', 'GO:1900034', 'GO:0048583', 'GO:0009966', 'GO:0023051', 'GO:0010646', 'GO:0048585', 'GO:0090287', 'GO:0046578', 'GO:0051056', 'GO:0010469', 'GO:0008593', 'GO:0030449', 'GO:0002697', 'GO:0002920', 'GO:1901796', 'GO:1902533', 'GO:0048584', 'GO:0043410', 'GO:0070374', 'GO:0070372', 'GO:0043408', 'GO:0014068', 'GO:0010862', 'GO:0090263', 'GO:0030177', 'GO:0090090']	GO:0002683	0
46	-1.2692026704626782	1.3909410545719183	1.0997020838330973	-7.671620396561262	2.70805020110221	2.13e-08	regulation of cellular catabolic pr...	46. GO:0031329 regulation of cellular catabolic pr...	['GO:0031329', 'GO:0009894', 'GO:0043487', 'GO:0043488', 'GO:0016241', 'GO:0010506', 'GO:0061136', 'GO:1901800', 'GO:1903050', 'GO:1903362', 'GO:0042176', 'GO:0032436', 'GO:0032434', 'GO:2000058']	GO:0031329	0
47	-1.4279744438943005	0.364158713121587	1.2488088425782458	-7.436518914605589	3.295836866004329	3.6600000000000003e-08	cellular hormone metabolic process	47. GO:0034754 cellular hormone metabolic process	['GO:0008210', 'GO:0034754', 'GO:0042445', 'GO:0065008', 'GO:0006621', 'GO:0006450', 'GO:0042573', 'GO:0001523', 'GO:0042574', 'GO:0006885', 'GO:0055067', 'GO:0050821', 'GO:0031647', 'GO:0007204', 'GO:0051480', 'GO:0006874', 'GO:0055074', 'GO:0072507', 'GO:0072503', 'GO:0045454', 'GO:0051452', 'GO:0090383', 'GO:0045851', 'GO:0051453', 'GO:0030641', 'GO:0030004']	GO:0034754	0
48	-0.9247933388759675	-0.17298999060170336	1.6784936720592354	-7.13430394008393	3.5553480614894135	7.34e-08	cellular response to xenobiotic sti...	48. GO:0071466 cellular response to xenobiotic sti...	['GO:0071466', 'GO:0009410', 'GO:0062197', 'GO:0034599', 'GO:0070887', 'GO:0009636', 'GO:0010035', 'GO:0000305', 'GO:0010038', 'GO:0071456', 'GO:0036294', 'GO:0071453', 'GO:0001666', 'GO:0036293', 'GO:0070482', 'GO:0009628', 'GO:0009408', 'GO:0009266', 'GO:0071347', 'GO:0070555', 'GO:0071349', 'GO:0070671', 'GO:1990869', 'GO:1990868', 'GO:0042493', 'GO:0010033', 'GO:0006986', 'GO:0035966', 'GO:0034620', 'GO:0035967', 'GO:0032868', 'GO:0032869', 'GO:0010243', 'GO:0032570']	GO:0071466	0
49	1.5907648382304451	0.03448888851608122	1.3493009733970245	-7.115771230367396	2.833213344056216	7.66e-08	vesicle organization	49. GO:0016050 vesicle organization	['GO:0016050', 'GO:0006900', 'GO:0090114', 'GO:0048194', 'GO:0036258', 'GO:0036257', 'GO:0007032', 'GO:0006901', 'GO:0048208', 'GO:0042255', 'GO:0070925', 'GO:0051225', 'GO:0007051', 'GO:0000045', 'GO:1905037', 'GO:0007033']	GO:0016050	0
50	-0.08243289146076166	-0.6213463206452533	0.9588635774646638	-7.0835460514500745	1.3862943611198906	8.25e-08	cellular aldehyde metabolic process	50. GO:0006081 cellular aldehyde metabolic process	['GO:0046487', 'GO:0006081', 'GO:0046185']	GO:0006081	0
51	-0.24970266107905853	-0.264878415744005	1.433895064875507	-6.97469413473523	1.6094379124341003	1.06e-07	olefinic compound metabolic process	51. GO:0120254 olefinic compound metabolic process	['GO:0120254', 'GO:0019373', 'GO:0019369', 'GO:0097267']	GO:0120254	0
52	0.39155812853028815	-0.30281507865892704	1.2590825955837788	-6.863279432843593	0.6931471805599453	1.37e-07	xenobiotic metabolic process	52. GO:0006805 xenobiotic metabolic process	['GO:0006805']	GO:0006805	0
53	-1.011896515939497	0.5922912413904706	1.7261918930443516	-6.72584215073632	0.6931471805599453	1.8800000000000002e-07	NIK/NF-kappaB signaling	53. GO:0038061 NIK/NF-kappaB signaling	['GO:0038061']	GO:0038061	0
54	0.23210724756914777	-0.3520651313152104	1.1855888163792891	-6.580044251510242	1.3862943611198906	2.63e-07	drug metabolic process	54. GO:0017144 drug metabolic process	['GO:0017144', 'GO:0042738', 'GO:0042737']	GO:0017144	0
55	-0.6142861238065662	1.5289460554350789	1.2275983570990188	-6.474955192963154	2.772588722239781	3.35e-07	regulation of cell activation	55. GO:0050865 regulation of cell activation	['GO:0002694', 'GO:0050865', 'GO:0051249', 'GO:0050863', 'GO:0050870', 'GO:0046634', 'GO:0050867', 'GO:0002696', 'GO:0002684', 'GO:0051251', 'GO:0050864', 'GO:0050871', 'GO:0050866', 'GO:0002695', 'GO:0051250']	GO:0050865	0
56	0.39195928634010924	-1.497280547716149	0.730241024356546	-6.434152181326483	1.0986122886681098	3.6799999999999996e-07	DNA replication	56. GO:0006260 DNA replication	['GO:0006260', 'GO:0034645']	GO:0006260	0
57	-0.7296535421222954	1.552747119134665	1.065838897171439	-6.3655227298392685	2.6390573296152584	4.3100000000000003e-07	regulation of multicellular organis...	57. GO:0051239 regulation of multicellular organis...	['GO:0051239', 'GO:0051240', 'GO:2000026', 'GO:0050793', 'GO:0051241', 'GO:0032649', 'GO:0032651', 'GO:0051960', 'GO:0051961', 'GO:0050768', 'GO:0030856', 'GO:0045765', 'GO:1901342']	GO:0051239	0
58	0.29228876906440227	-1.4267656830862396	1.3113225614475046	-6.101823516502323	1.9459101490553132	7.909999999999999e-07	DNA-templated transcription, elonga...	58. GO:0006354 DNA-templated transcription, elonga...	['GO:0006362', 'GO:0006354', 'GO:0006368', 'GO:0006353', 'GO:0006363', 'GO:0006360']	GO:0006354	0
59	1.4410126140999677	-0.5045303633993814	0.9647137330464031	-6.008773924307505	2.70805020110221	9.8e-07	defense response	59. GO:0006952 defense response	['GO:0006952', 'GO:0098542', 'GO:0051707', 'GO:0009607', 'GO:0045087', 'GO:0006955', 'GO:0006954', 'GO:0042742', 'GO:0009617', 'GO:0009991', 'GO:0031668', 'GO:0043207', 'GO:0006995', 'GO:0043562']	GO:0006952	0
60	-0.9268217169944599	-0.6502635090025135	0.6468039354177932	-5.714442690992226	1.9459101490553132	1.93e-06	vitamin metabolic process	60. GO:0006766 vitamin metabolic process	['GO:0006775', 'GO:0006766', 'GO:0006767', 'GO:0044281', 'GO:0006082', 'GO:0043436']	GO:0006766	0
61	-0.7905543712650241	-0.8674162130516841	0.8633904058236364	-5.5934598195660445	1.6094379124341003	2.55e-06	cellular ketone metabolic process	61. GO:0042180 cellular ketone metabolic process	['GO:1901661', 'GO:0042180', 'GO:0044597', 'GO:0030647']	GO:0042180	0
62	0.11228585800747225	0.10546633091651905	0.7953373557233584	-5.486782399932061	0.6931471805599453	3.26e-06	cell division	62. GO:0051301 cell division	['GO:0051301']	GO:0051301	0
63	1.5190541588876691	-0.19363985016329893	1.2564187238944775	-5.049635145623877	2.3978952727983707	8.92e-06	plasma membrane bounded cell projec...	63. GO:0120036 plasma membrane bounded cell projec...	['GO:0030030', 'GO:0120036', 'GO:0031175', 'GO:0061564', 'GO:0048812', 'GO:0120039', 'GO:0048858', 'GO:0032990', 'GO:0032989', 'GO:0007409']	GO:0120036	0
64	-0.4011285379323566	-0.49678164593117863	0.876899914526064	-5.0030507515046185	0.6931471805599453	9.93e-06	tricarboxylic acid cycle	64. GO:0006099 tricarboxylic acid cycle	['GO:0006099']	GO:0006099	0
65	-1.4764076134794477	1.3198422407769612	1.0507742522320944	-4.966576244513051	2.3978952727983707	1.0800000000000002e-05	positive regulation of transcriptio...	65. GO:0045893 positive regulation of transcriptio...	['GO:0045893', 'GO:1903508', 'GO:1902680', 'GO:0051254', 'GO:0048524', 'GO:1902188', 'GO:0010628', 'GO:0032755', 'GO:0032675', 'GO:0032731']	GO:0045893	0
66	-1.0180237017985074	1.3969594026367378	1.3414117632878406	-4.954677021213342	2.70805020110221	1.11e-05	regulation of protein modification ...	66. GO:1903320 regulation of protein modification ...	['GO:0031396', 'GO:1903320', 'GO:1903322', 'GO:0031398', 'GO:0031397', 'GO:1903321', 'GO:0050731', 'GO:0001934', 'GO:0001932', 'GO:0042327', 'GO:0045937', 'GO:0010562', 'GO:0050730', 'GO:0061098']	GO:1903320	0
67	-0.6692997468690607	-0.5380790895537714	1.410979676617259	-4.8996294548824375	0.6931471805599453	1.26e-05	icosanoid metabolic process	67. GO:0006690 icosanoid metabolic process	['GO:0006690']	GO:0006690	0
68	-1.2339280951757219	0.9993209365726208	1.2484439347631036	-4.847711655616943	2.3978952727983707	1.42e-05	regulation of cell-cell adhesion	68. GO:0022407 regulation of cell-cell adhesion	['GO:0030155', 'GO:0022407', 'GO:1903037', 'GO:0045785', 'GO:0022409', 'GO:1903039', 'GO:0022408', 'GO:0007162', 'GO:1903038', 'GO:0050868']	GO:0022407	0
69	0.6559658642814947	0.28810777706808893	1.6407352439595309	-4.688246138944246	1.3862943611198906	2.05e-05	phagocytosis, recognition	69. GO:0006910 phagocytosis, recognition	['GO:0006910', 'GO:0008037', 'GO:0008038']	GO:0006910	0
70	1.44506529998315	-0.12425431035544095	1.4016833631183332	-4.55129368009492	1.0986122886681098	2.8100000000000002e-05	extracellular matrix organization	70. GO:0030198 extracellular matrix organization	['GO:0030198', 'GO:0043062']	GO:0030198	0
71	1.5694990908690976	-0.05410304647252718	1.3948528706953787	-4.3260580013659125	1.3862943611198906	4.72e-05	organelle fusion	71. GO:0048284 organelle fusion	['GO:0048284', 'GO:0006906', 'GO:0090174']	GO:0048284	0
72	-0.4391397261262581	-0.24052912107789085	0.5645892763938484	-4.019996628416254	1.3862943611198906	9.549999999999999e-05	ATP metabolic process	72. GO:0046034 ATP metabolic process	['GO:0046034', 'GO:0061615', 'GO:0006096']	GO:0046034	0
73	-0.4447855412221607	1.4451440421089687	1.5592254820928073	-4.017728766960432	2.70805020110221	9.6e-05	negative regulation of leukocyte pr...	73. GO:0070664 negative regulation of leukocyte pr...	['GO:0070664', 'GO:0050672', 'GO:0032945', 'GO:0042130', 'GO:0050671', 'GO:0042102', 'GO:0032946', 'GO:0070665', 'GO:0042127', 'GO:0008284', 'GO:0008285', 'GO:2000177', 'GO:0050678', 'GO:0050679']	GO:0070664	0
74	0.17446454023024766	0.39026862303666554	1.6740974539057292	-3.8927900303521317	1.3862943611198906	0.000128	vesicle targeting	74. GO:0006903 vesicle targeting	['GO:0006903', 'GO:0048207', 'GO:0048199']	GO:0006903	0
75	-0.3293508891424649	-1.0874150186391336	1.4237020316637456	-3.769551078621726	1.791759469228055	0.00016999999999999999	cleavage involved in rRNA processin...	75. GO:0000469 cleavage involved in rRNA processin...	['GO:0000469', 'GO:0000479', 'GO:0000480', 'GO:0000478', 'GO:0000447']	GO:0000469	0
76	-1.8419814916418343e-05	-0.8032687000709838	1.7169096117842826	-3.721246399047171	1.3862943611198906	0.00018999999999999998	nucleotide-excision repair, DNA inc...	76. GO:0006296 nucleotide-excision repair, DNA inc...	['GO:0006296', 'GO:0033683', 'GO:0006295']	GO:0006296	0
77	-0.32174095023823707	-0.061317003080782376	1.0109160189063389	-3.653647025549361	1.3862943611198906	0.00022200000000000003	NADP metabolic process	77. GO:0006739 NADP metabolic process	['GO:0006739', 'GO:0006098', 'GO:0006740']	GO:0006739	0
78	-0.31189905369389503	0.08448122240800894	1.3193366536154836	-3.596879478824182	1.0986122886681098	0.00025299999999999997	NAD metabolic process	78. GO:0019674 NAD metabolic process	['GO:0019674', 'GO:0006735']	GO:0019674	0
79	0.8827859336248093	0.529411782134576	1.8988473525188847	-3.549750891680639	0.6931471805599453	0.00028199999999999997	ribonucleoprotein complex localizat...	79. GO:0071166 ribonucleoprotein complex localizat...	['GO:0071166']	GO:0071166	0
80	-0.4582707847632331	-1.330537697769163	1.0119927828008712	-3.54821356447571	1.3862943611198906	0.000283	protein maturation	80. GO:0051604 protein maturation	['GO:0097428', 'GO:0051604', 'GO:0019538']	GO:0051604	0
81	-1.0227548132098896	1.1584492686683843	1.2563127794783866	-3.493494967595128	3.1780538303479458	0.000321	regulation of cell motility	81. GO:2000145 regulation of cell motility	['GO:0030334', 'GO:2000145', 'GO:0051270', 'GO:0040012', 'GO:2000147', 'GO:0040017', 'GO:1904851', 'GO:0070203', 'GO:0070202', 'GO:1904816', 'GO:1904814', 'GO:1904874', 'GO:1904872', 'GO:1903827', 'GO:1903829', 'GO:1904951', 'GO:0032386', 'GO:0032388', 'GO:0060341', 'GO:1904871', 'GO:1904869', 'GO:0070861', 'GO:0090316']	GO:2000145	0
82	0.4276234555304355	-1.1222271917904891	1.656076461459571	-3.490797477668897	1.0986122886681098	0.000323	transcription initiation from RNA p...	82. GO:0006361 transcription initiation from RNA p...	['GO:0006361', 'GO:0032774']	GO:0006361	0
83	-1.3412281723488295	1.2378283704059445	1.1991448650159875	-3.4647058799572297	1.9459101490553132	0.000343	regulation of DNA metabolic process	83. GO:0051052 regulation of DNA metabolic process	['GO:0000018', 'GO:0051052', 'GO:0045910', 'GO:2000573', 'GO:1904358', 'GO:0051054']	GO:0051052	0
84	-1.370817542526871	0.9381769774683539	1.3962746049030366	-3.4056074496245734	1.6094379124341003	0.000393	regulation of gene expression, epig...	84. GO:0040029 regulation of gene expression, epig...	['GO:0045815', 'GO:0040029', 'GO:0006342', 'GO:0045814']	GO:0040029	0
85	1.2115308438333179	-0.4952969101736061	1.3447481338823808	-3.3635121036466344	1.791759469228055	0.000433	response to endoplasmic reticulum s...	85. GO:0034976 response to endoplasmic reticulum s...	['GO:0030968', 'GO:0034976', 'GO:0036498', 'GO:0030433', 'GO:0036503']	GO:0034976	0
86	0.5259387938981354	0.7225001277666905	1.2961902885161396	-3.1475200063631434	0.6931471805599453	0.000712	behavior	86. GO:0007610 behavior	['GO:0007610']	GO:0007610	0
87	-0.09004277525383339	-1.4216129084299405	1.1959582345804392	-3.0385789059335515	1.3862943611198906	0.000915	lipoprotein biosynthetic process	87. GO:0042158 lipoprotein biosynthetic process	['GO:0042158', 'GO:0042157', 'GO:0002084']	GO:0042158	0
88	-0.15941368533223735	0.02911930757651489	1.1448943492887176	-2.9318141382538383	1.0986122886681098	0.00117	secondary metabolic process	88. GO:0019748 secondary metabolic process	['GO:0030638', 'GO:0019748']	GO:0019748	0
89	-1.2485603028039978	-0.5693248251936552	1.432982949433767	-2.9244530386074694	2.0794415416798357	0.00119	organelle disassembly	89. GO:1903008 organelle disassembly	['GO:0032790', 'GO:1903008', 'GO:0000422', 'GO:0061726', 'GO:0022411', 'GO:1904903', 'GO:1904896']	GO:1903008	0
90	-0.5450603099608764	-0.283986193646376	0.5359053577665001	-2.8632794328435933	1.9459101490553132	0.00137	methylation	90. GO:0032259 methylation	['GO:0032259', 'GO:0043414', 'GO:0035247', 'GO:0035246', 'GO:0006479', 'GO:0008213']	GO:0032259	0
91	-0.673740093332168	1.004752036286667	1.9595785659525558	-2.8632794328435933	1.6094379124341003	0.00137	nucleotide-excision repair, preinci...	91. GO:0006293 nucleotide-excision repair, preinci...	['GO:0006293', 'GO:0031334', 'GO:0043254', 'GO:0051128']	GO:0006293	0
92	-0.829036984313944	1.4057428460567651	1.2957728399070993	-2.8477116556169437	2.4849066497880004	0.0014199999999999998	regulation of chromosome organizati...	92. GO:0033044 regulation of chromosome organizati...	['GO:0033044', 'GO:0030071', 'GO:1902099', 'GO:0010965', 'GO:1905818', 'GO:0033043', 'GO:0010638', 'GO:1901890', 'GO:0051963', 'GO:1901888', 'GO:0051965']	GO:0033044	0
93	-1.1775809506953463	0.8940274034939469	1.3696817959618774	-2.8416375079047502	1.0986122886681098	0.00144	regulation of chromosome segregatio...	93. GO:0051983 regulation of chromosome segregatio...	['GO:0051983', 'GO:0033045']	GO:0051983	0
94	-0.7599441552211659	-0.7048499793103525	0.9565671617037019	-2.7328282715969863	0.6931471805599453	0.00185	one-carbon metabolic process	94. GO:0006730 one-carbon metabolic process	['GO:0006730']	GO:0006730	0
95	0.10087862810945775	-1.0084613536354876	1.5360568667033725	-2.707743928643524	1.0986122886681098	0.00196	DNA strand elongation involved in D...	95. GO:0006271 DNA strand elongation involved in D...	['GO:0006271', 'GO:0022616']	GO:0006271	0
96	0.05288522159272842	-1.469502162579842	0.6720939649502975	-2.5086383061657274	2.0794415416798357	0.0031	pyrimidine-containing compound meta...	96. GO:0072527 pyrimidine-containing compound meta...	['GO:0072528', 'GO:0072527', 'GO:0006221', 'GO:0006220', 'GO:0046483', 'GO:0006139', 'GO:0018130']	GO:0072527	0
97	0.36270125237613	0.13511719024268692	1.617653837309748	-2.4710832997223453	1.6094379124341003	0.0033799999999999998	NADH metabolic process	97. GO:0006734 NADH metabolic process	['GO:0061621', 'GO:0006734', 'GO:0061620', 'GO:0061718']	GO:0006734	0
98	0.10109677529779304	-1.2090109094015562	0.7810632232742708	-2.423658649794207	1.3862943611198906	0.0037700000000000003	cellular modified amino acid metabo...	98. GO:0006575 cellular modified amino acid metabo...	['GO:0006575', 'GO:0006760', 'GO:0042558']	GO:0006575	0
99	0.9688446101696115	-1.0809860362744115	1.6030479411742307	-2.421360790031928	1.6094379124341003	0.00379	double-strand break repair via brea...	99. GO:0000727 double-strand break repair via brea...	['GO:0000727', 'GO:0000724', 'GO:0000725', 'GO:0006302']	GO:0000727	0
100	0.9687311375472448	1.2067856950731464	0.9795978032960783	-2.406713932979543	1.9459101490553132	0.00392	sulfur compound transport	100. GO:0072348 sulfur compound transport	['GO:0072348', 'GO:0006810', 'GO:0051234', 'GO:0055085', 'GO:0051179', 'GO:0006811']	GO:0072348	0
101	0.8511283748778368	1.11953093864926	1.4086227758325922	-2.284832642151542	0.6931471805599453	0.00519	drug transport	101. GO:0015893 drug transport	['GO:0015893']	GO:0015893	0
102	1.0388159158275538	1.1060333115519807	1.0852281781882245	-2.1396619934290064	0.6931471805599453	0.00725	xenobiotic transport	102. GO:0042908 xenobiotic transport	['GO:0042908']	GO:0042908	0
103	1.3176520278724164	0.10692750839982872	1.7192489663737098	-2.048662481204082	0.6931471805599453	0.00894	endomembrane system organization	103. GO:0010256 endomembrane system organization	['GO:0010256']	GO:0010256	0
104	0.2755166241253801	-1.18056484902905	1.5231715560510908	-1.9956786262173574	0.6931471805599453	0.0101	peptide cross-linking	104. GO:0018149 peptide cross-linking	['GO:0018149']	GO:0018149	0
105	1.0563840377324556	0.7602248529865048	1.6985036634131516	-1.9706162223147903	0.6931471805599453	0.0107	viral translation	105. GO:0019081 viral translation	['GO:0019081']	GO:0019081	0
106	-0.5580877079722661	-1.0118976026097632	1.6656037048820134	-1.9430951486635273	1.0986122886681098	0.0114	peptidyl-serine dephosphorylation	106. GO:0070262 peptidyl-serine dephosphorylation	['GO:0070262', 'GO:0016311']	GO:0070262	0
107	0.42999651425394964	-0.47617775958184666	1.2586168995791664	-1.7958800173440752	0.6931471805599453	0.016	hydrocarbon metabolic process	107. GO:0120252 hydrocarbon metabolic process	['GO:0120252']	GO:0120252	0
108	0.5111623193153358	1.146308809154441	1.7373311939594294	-1.7931741239681502	0.6931471805599453	0.0161	IRES-dependent viral translational ...	108. GO:0075522 IRES-dependent viral translational ...	['GO:0075522']	GO:0075522	0
109	0.42240460826758675	-0.886268786958104	1.711174983373425	-1.790484985457369	0.6931471805599453	0.0162	nucleotide-excision repair, DNA gap...	109. GO:0006297 nucleotide-excision repair, DNA gap...	['GO:0006297']	GO:0006297	0
110	-0.5156712198394785	-0.7137753944545663	1.6564608245506462	-1.747146969020107	0.6931471805599453	0.0179	nucleobase-containing small molecul...	110. GO:0015949 nucleobase-containing small molecul...	['GO:0015949']	GO:0015949	0
111	0.08665110941920766	-0.2833101893130913	1.5011493419936266	-1.723538195826756	0.6931471805599453	0.0189	reactive oxygen species biosyntheti...	111. GO:1903409 reactive oxygen species biosyntheti...	['GO:1903409']	GO:1903409	0
112	-0.4538474695426242	1.286470517568496	1.6079432112079335	-1.7189666327522726	0.6931471805599453	0.0191	membrane depolarization	112. GO:0051899 membrane depolarization	['GO:0051899']	GO:0051899	0
113	-0.7517982355671096	1.4171527602002074	1.4634433552310557	-1.6925039620867872	0.6931471805599453	0.0203	regulation of gene silencing	113. GO:0060968 regulation of gene silencing	['GO:0060968']	GO:0060968	0
114	0.7508526526858663	1.1858130541594665	1.4291787744372106	-1.6556077263148892	0.6931471805599453	0.0221	toxin transport	114. GO:1901998 toxin transport	['GO:1901998']	GO:1901998	0
115	0.6469827942507961	-1.0337675179868029	1.6130004501209252	-1.6382721639824072	1.3862943611198906	0.023	protein deglycosylation	115. GO:0006517 protein deglycosylation	['GO:0006517', 'GO:0036508', 'GO:0036507']	GO:0006517	0
116	-1.1311167663585946	1.0757086479435398	1.1378249567416039	-1.6126101736612706	1.3862943611198906	0.0244	regulation of GTPase activity	116. GO:0043087 regulation of GTPase activity	['GO:0043087', 'GO:0032781', 'GO:0043547']	GO:0043087	0
117	0.013878127854265506	0.3738341460376955	1.7677149884164065	-1.5272435506827877	0.6931471805599453	0.0297	cornification	117. GO:0070268 cornification	['GO:0070268']	GO:0070268	0
118	-1.0757536033016961	0.6640419906580699	1.5838876815040475	-1.518557371497695	0.6931471805599453	0.0303	SMAD protein signal transduction	118. GO:0060395 SMAD protein signal transduction	['GO:0060395']	GO:0060395	0
119	-0.4001106218915823	-1.1466144565198755	1.3409067738119715	-1.407823242604133	0.6931471805599453	0.0391	RNA polyadenylation	119. GO:0043631 RNA polyadenylation	['GO:0043631']	GO:0043631	0
120	1.357436063770333	-0.0063967613783823775	1.5963750523732463	-1.4067139329795428	0.6931471805599453	0.0392	phagocytosis, engulfment	120. GO:0006911 phagocytosis, engulfment	['GO:0006911']	GO:0006911	0
121	0.7634607098982842	0.983196558788615	1.8758647579581904	-1.3545777306509081	0.6931471805599453	0.0442	lipid localization	121. GO:0010876 lipid localization	['GO:0010876']	GO:0010876	0
122	0.5407675576762494	0.23159921583602372	1.3497878904548055	-1.3526170298853801	0.6931471805599453	0.0444	exocytic process	122. GO:0140029 exocytic process	['GO:0140029']	GO:0140029	0
123	-1.082455352797672	1.2427530701765597	1.4062775023516085	-1.348721986001856	0.6931471805599453	0.0448	regulation of generation of precurs...	123. GO:0043467 regulation of generation of precurs...	['GO:0043467']	GO:0043467	0
124	0.8208741006973358	-0.6541759559581289	1.762969549238752	-1.3458234581220394	1.0986122886681098	0.0451	dolichyl diphosphate biosynthetic p...	124. GO:0006489 dolichyl diphosphate biosynthetic p...	['GO:0006489', 'GO:0046465']	GO:0006489	0
125	-0.25595551537435657	-1.1123256009111393	0.8228072886258343	-1.3196644865854368	0.6931471805599453	0.0479	amine metabolic process	125. GO:0009308 amine metabolic process	['GO:0009308']	GO:0009308	0
126	-0.6362940477592871	1.187022023618297	1.520228696311863	-1.3178549236261683	0.6931471805599453	0.0481	regulation of biomineralization	126. GO:0110149 regulation of biomineralization	['GO:0110149']	GO:0110149	0
